Traffic_Level,Weather,Delivery_Time_min
0,0,56.7
0,1,66.31818181818181
0,2,77.0
0,3,70.9
0,4,63.47826086956522
1,0,50.6096256684492
1,1,53.340425531914896
1,2,55.51162790697674
1,3,61.125
1,4,51.266666666666666
2,0,53.35294117647059
2,1,63.02777777777778
2,2,55.01204819277108
2,3,71.1875
2,4,55.130434782608695
